{
  "weights": [
    2.7720127596550306,
    -0.28268145135606515,
    -3.558937546863609,
    0.21435287692423008,
    -1.5864416621063726,
    -2.1969499617627517,
    0.18964105095323813,
    0.5178101173392117,
    0.7951391413476645,
    -0.09876709208803677,
    1.932834149392945,
    1.526370847322128,
    0.0,
    0.5811854590010319,
    0.0,
    3.288629914877117,
    -0.16699303692630468,
    -1.9601090198868816,
    1.9601090198868296
  ],
  "features": [
    "bias",
    "len_log",
    "dens_norm",
    "cctv_per_km",
    "hw_primary",
    "hw_secondary",
    "hw_tertiary",
    "hw_unclassified",
    "hw_residential",
    "hw_service",
    "hw_footway",
    "hw_path",
    "hw_cycleway",
    "hw_steps",
    "hw_track",
    "hw_living_street",
    "hw_pedestrian",
    "hour_sin",
    "hour_cos"
  ],
  "meta": {
    "epochs": 12,
    "alpha": 6.0,
    "total_pairs": 170
  }
}